Top queries,Clicks,Impressions,CTR,Position
internal doors,2493,158711,1.57%,12.43
door superstore,1588,7032,22.58%,1.03
shed doors,1456,12161,11.97%,7.5
shed door,1233,9713,12.69%,5.45
front doors,1198,79117,1.51%,12.93
external doors,1161,38486,3.02%,9.98
front door,841,51679,1.63%,11.71
internal bifold doors,675,25622,2.63%,11.74
interior doors,632,49425,1.28%,13.16
internal doors with glass,549,29397,1.87%,11.87
shed doors for sale,518,4738,10.93%,4.53
internal fire doors,507,12794,3.96%,6.83
internal doors uk,447,7347,6.08%,3.92
external wooden doors,438,9246,4.74%,5.29
wooden front doors,416,16953,2.45%,23.13
lpd doors,413,23547,1.75%,4.21
external door and frame set,372,4236,8.78%,2.44
types of door handles,371,5598,6.63%,2.33
fire doors,366,21184,1.73%,11.46
deanta doors,359,10494,3.42%,4.94
oak internal doors,355,18059,1.97%,10.25
external shed doors,355,3031,11.71%,1.49
internal french doors,344,12894,2.67%,9.94
wooden doors,323,17945,1.8%,14.39
external door,322,10067,3.2%,6.5
wooden front door,305,5663,5.39%,10.34
white internal doors,304,20061,1.52%,10.08
concertina doors,299,21229,1.41%,5.43
cheap internal doors,296,12750,2.32%,11.67
bifold internal doors,285,8137,3.5%,7.96
internal glazed doors,281,8554,3.29%,8.95
glazed internal doors,276,11981,2.3%,8.57
internal wooden doors,265,8242,3.22%,5.15
door lining,258,13157,1.96%,6.43
replacement shed doors uk,253,1004,25.2%,1
bi fold internal doors,251,8941,2.81%,8.3
shaker doors,238,7359,3.23%,11.17
oak doors,237,23663,1%,11.99
stable door,237,14865,1.59%,11.02
fire door,234,17902,1.31%,10.81
doors,230,24432,0.94%,18.74
wooden external doors,230,4450,5.17%,5.5
exterior doors,217,13895,1.56%,12.62
glazed fire doors,214,4559,4.69%,6.99
folding door,203,16525,1.23%,12.6
internal glass doors,203,11422,1.78%,9.57
cottage doors,203,10674,1.9%,8.47
door lock types,201,18839,1.07%,9.56
internal oak doors,201,9790,2.05%,10.9
space saving doors,200,2967,6.74%,1.03
xl joinery,198,17301,1.14%,3.55
door handle types,198,2658,7.45%,1.63
door suppliers near me,197,5381,3.66%,23.53
4 panel internal doors,196,4998,3.92%,4.29
door frame kit,188,7991,2.35%,9.74
internal folding doors,187,7836,2.39%,9.21
xl joinery doors,187,6491,2.88%,5.22
1930s internal doors,187,4298,4.35%,3.61
wood front door,186,2846,6.54%,10.05
types of doors,180,15958,1.13%,8.27
cheap external doors,178,7170,2.48%,8.01
external doors for sale,178,4503,3.95%,7.67
wooden internal doors,177,6901,2.56%,6.46
folding doors,175,14780,1.18%,14.11
internal bi folding doors,172,4983,3.45%,9.78
internal fire doors with glass,172,3305,5.2%,4.58
stable doors,165,8681,1.9%,10.34
premdor,163,10408,1.57%,3.1
internal double doors,163,8934,1.82%,9.47
fire rated doors,162,5441,2.98%,12.62
fd30 fire door and frame,162,1240,13.06%,2.05
half glazed internal doors,161,4786,3.36%,4.69
internal door,160,15970,1%,11.63
cottage style doors,159,6036,2.63%,4.49
internal glazed doors uk,157,3151,4.98%,5.3
external doors and frames,149,1916,7.78%,2.66
folding doors internal,142,6425,2.21%,7.06
wooden shed doors,139,1549,8.97%,3.36
door sizes uk,137,7581,1.81%,5.03
white glazed internal doors,135,3337,4.05%,5.71
door frame,134,22970,0.58%,11.55
garden shed doors,133,1504,8.84%,5.27
oak doors uk,132,7950,1.66%,8.91
internal door latch types,132,2135,6.18%,2.13
grey internal doors,131,7150,1.83%,11.11
external wooden doors for sale,131,2457,5.33%,3.26
replacement shed doors,129,1307,9.87%,5.36
external door frame,127,5095,2.49%,8.87
wooden door,126,11150,1.13%,13.83
folding internal doors,125,4528,2.76%,7.87
cottage internal doors,124,3974,3.12%,7.25
external hardwood doors,124,2211,5.61%,5.12
fd30 fire door,122,6844,1.78%,6.32
fire doors with glass,122,5420,2.25%,7.16
internal door handles,120,16888,0.71%,16.84
door frames,120,10282,1.17%,10.04
wooden front doors uk,119,4300,2.77%,7.51
internal bi fold doors,114,4653,2.45%,9.64
space saving internal doors,110,1025,10.73%,1.26
oak doors internal,107,6048,1.77%,9.66
internal doors near me,107,4488,2.38%,10.52
external doors uk,106,3315,3.2%,6.6
external back doors,104,4534,2.29%,8.45
timber front door,104,3355,3.1%,5.7
internal bifold doors with glass,103,3516,2.93%,9.44
doors direct,102,8853,1.15%,10.69
internal cottage doors,102,2718,3.75%,6.64
external wooden doors with glass,102,1421,7.18%,2.6
external front doors,101,5790,1.74%,9.85
white internal doors with glass,101,5550,1.82%,10.54
outside door,98,2916,3.36%,5.97
external oak doors,98,2880,3.4%,4.83
standard uk door sizes,98,2058,4.76%,4.67
xl doors,97,3313,2.93%,4.08
door showroom near me,97,1283,7.56%,9.74
doorsuperstore,97,399,24.31%,1.01
bifold doors internal,96,3235,2.97%,9.32
internal door sizes uk,96,2850,3.37%,5.49
wooden stable doors,95,2029,4.68%,3.46
door shops near me,95,1893,5.02%,6.7
door linings,94,4373,2.15%,7.17
external timber doors,94,3492,2.69%,7.13
standard door sizes uk,94,3488,2.69%,4.67
door suppliers,94,2772,3.39%,18.23
oak door frames,94,2744,3.43%,4.4
internal wood doors,91,2231,4.08%,3.53
internal doors for sale,90,3157,2.85%,8.01
interior doors uk,90,1705,5.28%,4.13
solid wood internal doors,89,5533,1.61%,11.29
oak internal doors uk,89,4483,1.99%,8.07
solid wood front doors,88,2961,2.97%,25.52
framed ledged and braced door,88,2374,3.71%,4.18
solid oak internal doors,87,5597,1.55%,10.27
wooden front door with glass,86,1226,7.01%,4.86
internal door frames,85,4442,1.91%,6.57
types of door,84,6029,1.39%,6.49
front door and frame,84,1523,5.52%,6.07
internal concertina doors,83,3250,2.55%,3.32
victorian internal doors,83,2639,3.15%,4.51
solid oak doors,82,8021,1.02%,11.89
interior doors with glass,82,6100,1.34%,20.73
cottage door,82,4047,2.03%,6.26
victorian doors,82,3986,2.06%,8.76
types of door locks,80,10228,0.78%,9.71
bi folding internal doors,80,3596,2.22%,7.99
hardwood doors,79,5978,1.32%,7.7
door types,79,5314,1.49%,6.11
oak front doors,79,5313,1.49%,8.12
doors online,79,2738,2.89%,10.82
glass fire doors,79,2539,3.11%,8.69
concertina doors internal,79,2525,3.13%,7.01
discount doors,79,491,16.09%,12.88
door handles,78,18392,0.42%,24.61
exterior door,78,4055,1.92%,10.37
cheap internal glazed doors,78,2174,3.59%,7.2
external door frame kit,78,1152,6.77%,3.05
internal white doors,77,4235,1.82%,9.03
hardwood front doors,77,4125,1.87%,8.71
types of door handle,77,519,14.84%,1.48
uk door sizes,76,2596,2.93%,4.99
wooden exterior doors,76,2182,3.48%,14.88
cottage doors internal,75,2641,2.84%,6.45
bi fold doors internal,75,2214,3.39%,7.68
firedoors,75,1693,4.43%,7.57
space saving door,75,1365,5.49%,1.06
interior door handles,73,11133,0.66%,22.24
internal fire door,73,2735,2.67%,6.31
standard internal door sizes uk,72,4215,1.71%,6.75
stable doors external,72,1830,3.93%,6.98
fire doors uk,71,2234,3.18%,3.44
external wooden doors for sale near me,71,2067,3.43%,10.41
door companies near me,71,1823,3.89%,7
jb kind doors,70,4499,1.56%,2.73
double internal doors,70,3169,2.21%,6.71
timber front doors uk,69,1252,5.51%,4.05
solid wood front door,69,813,8.49%,10.26
oak bifold internal doors,69,648,10.65%,3.89
door frame sizes,68,2521,2.7%,4.93
shaker internal doors,68,2105,3.23%,5.16
glazed fire door,68,1591,4.27%,6.43
stable door external,67,1917,3.5%,7.11
folding doors interior,66,4013,1.64%,13.22
oak external doors,66,2657,2.48%,6.18
oak cottage door,66,2509,2.63%,6.35
internal white glazed doors,66,1200,5.5%,4.76
wood front door with glass,66,1020,6.47%,10.73
interior french doors,65,3696,1.76%,12.93
oak bifold doors,65,2375,2.74%,7.44
the range folding doors,65,1690,3.85%,8.07
internal glazed fire doors,65,1481,4.39%,5.86
external door and frame,65,727,8.94%,2.78
white interior doors,64,5161,1.24%,11.9
door handle packs,64,2006,3.19%,6.45
internal door suppliers near me,64,1024,6.25%,5.36
glass internal doors,63,8162,0.77%,12.77
timber doors,63,7796,0.81%,9.69
wood doors,63,4077,1.55%,13.23
wooden front doors with glass,63,2166,2.91%,13.38
door frame sizes uk,63,1463,4.31%,2.67
wooden doors external,63,1212,5.2%,5.14
made to measure shed doors,63,400,15.75%,2.02
cottage style internal doors,62,2009,3.09%,4
hardwood front door,62,1254,4.94%,4.35
internal bi-fold doors,62,960,6.46%,7.78
outside doors,61,4953,1.23%,9.78
concertina door,61,4569,1.34%,6.92
1930s doors,61,2903,2.1%,5.06
external stable doors,61,1856,3.29%,5.85
solid core internal doors,61,1583,3.85%,12.95
shed doors and frames,61,508,12.01%,1.43
walnut internal doors,60,2329,2.58%,5.43
wide internal doors,60,1842,3.26%,5.37
solid wood doors,59,5179,1.14%,16.94
door lining kit,59,2413,2.45%,4.24
6 panel internal door,58,4271,1.36%,8.3
wooden doors internal,58,2686,2.16%,4.64
half glass interior door,58,2123,2.73%,5.57
internal door and frame set,58,1190,4.87%,6.33
different types of door handles,58,841,6.9%,2.7
internal cottage style doors,58,531,10.92%,2.4
fire door and frame kit,58,483,12.01%,5
space saving doors uk,58,169,34.32%,1
doors uk,57,3338,1.71%,8.92
ledged and braced door,57,3211,1.78%,5.5
premdor internal doors,56,2329,2.4%,4.47
interior doors for sale,56,1718,3.26%,11.89
internal bifold door,56,1151,4.87%,7.1
outhouse doors,56,309,18.12%,2.97
interior door,55,4754,1.16%,12.71
oak front door,55,3496,1.57%,7.61
wooden back doors,55,2467,2.23%,6.37
louvre doors,55,1975,2.78%,37.86
external stable door,55,1335,4.12%,5.4
stable doors for sale,54,3050,1.77%,9.94
external door frames,54,2084,2.59%,7.33
35mm fire doors,53,1960,2.7%,10.02
lpd internal doors,53,1922,2.76%,5.03
fd30 doors,53,1200,4.42%,6.52
glazed cottage door,53,656,8.08%,1.41
external door and frame kit,53,626,8.47%,3.96
interior glazed doors,52,2242,2.32%,6.48
fire rated door,52,1967,2.64%,26.66
timber front doors,52,1900,2.74%,7.44
external wooden door,52,1237,4.2%,4.4
hardwood external doors,51,2829,1.8%,8.15
4 panel door,51,1979,2.58%,6.35
2400mm high internal doors,51,1298,3.93%,3.89
fire door with glass,51,1258,4.05%,6.56
wooden stable door,51,717,7.11%,4.63
shed door and frame,51,393,12.98%,2.01
fire doors for sale,50,3730,1.34%,10.78
airing cupboard doors,50,3149,1.59%,6.36
white cottage doors,50,2411,2.07%,6.86
internal door frame,50,2360,2.12%,7.23
standard door width uk,49,6201,0.79%,4.82
external wood doors,49,1304,3.76%,5.31
fire rated door handles,49,844,5.81%,3.51
front doors for sale,48,5067,0.95%,24.45
shaker style doors,48,3422,1.4%,15.3
cheap fire doors,48,1890,2.54%,9.59
doors for small spaces,48,1329,3.61%,3.31
interior bifold doors,47,4985,0.94%,22.05
glass panel doors,47,3679,1.28%,18.16
standard door frame size,47,2386,1.97%,11.76
fire door and frame,47,843,5.58%,7.43
outbuilding doors,47,593,7.93%,2.15
tall internal doors,47,591,7.95%,5.89
door superstore reviews,47,476,9.87%,3
bedroom doors,46,8525,0.54%,10.24
fire door frame,46,4309,1.07%,8.41
front doors uk,46,3137,1.47%,16.27
ledge and brace door,46,3051,1.51%,9.49
fire doors internal,46,2542,1.81%,6.82
cheap internal fire doors,46,1701,2.7%,9.34
external back door,46,1505,3.06%,7.56
shaker style internal doors,46,1436,3.2%,1.83
types of handles,46,1318,3.49%,2.35
oak stable door,46,1309,3.51%,3.33
new wooden front door,46,599,7.68%,3.42
garden shed door,46,428,10.75%,6.46
door store,45,6277,0.72%,8.68
interior glass doors,45,4288,1.05%,13.74
french doors internal,45,2451,1.84%,9.14
glazed bifold internal doors,45,589,7.64%,3.92
inside doors,44,4829,0.91%,12.54
hardwood door,44,1749,2.52%,6
wood front doors,44,1643,2.68%,25.76
door lining set,44,1641,2.68%,6.52
white internal glazed doors,44,1406,3.13%,5.13
timber external doors,44,1004,4.38%,5.5
deanta internal doors,44,736,5.98%,4.8
2040 x 726 internal doors,44,575,7.65%,4.51
oak door,43,6972,0.62%,11.69
doors internal,43,4223,1.02%,10.67
oak fire doors,43,3203,1.34%,8.14
internal glazed door,43,1740,2.47%,7.06
exterior wooden doors,43,1661,2.59%,9.09
pre painted internal doors,43,1600,2.69%,8.93
cheap internal doors uk,43,1239,3.47%,5.25
internal fire door and frame set,43,427,10.07%,3.11
door shop near me,42,1789,2.35%,7.4
door and frame kit,42,1285,3.27%,6.91
internal door frame kit,42,1228,3.42%,4.7
front door wooden,42,1197,3.51%,5.57
internal glass doors for sale,42,1150,3.65%,7.67
wooden back door,42,975,4.31%,4.78
hardwood stable door,42,950,4.42%,3.23
internal white doors with glass,42,751,5.59%,6.54
doors superstore,42,216,19.44%,1.31
oak interior doors,41,4391,0.93%,10.69
internal stable doors,41,2822,1.45%,8.52
pre finished internal doors,41,1781,2.3%,9.84
4 panel shaker door,41,1748,2.35%,8.37
oak cottage doors,41,1608,2.55%,6.74
soundproof doors uk,41,987,4.15%,6.29
hardwood doors external,41,712,5.76%,7.37
oak stable door external,41,632,6.49%,2.6
wooden shed door,41,345,11.88%,2.66
doors for sheds,41,213,19.25%,6.37
composite front doors,40,5792,0.69%,27.26
double doors internal,40,2722,1.47%,9.69
bifold wardrobe doors,40,2300,1.74%,13.27
1930s door,40,1560,2.56%,4.12
rain deflectors for exterior doors,40,1110,3.6%,5.42
wooden concertina doors,40,1016,3.94%,2.65
front door set,40,618,6.47%,9.57
buy shed door,40,158,25.32%,3.26
walnut doors,39,2955,1.32%,8.09
bi fold door,39,2790,1.4%,14.98
doors for tight spaces,39,1344,2.9%,7.92
door warehouse,39,1241,3.14%,9.51
shed door replacement,39,584,6.68%,8.46
internal door sizes,38,5750,0.66%,8.77
internal glass doors uk,38,1274,2.98%,4.75
bi-fold internal doors,38,1130,3.36%,7.88
bi folding doors internal,38,1093,3.48%,8.51
internal door sale,38,954,3.98%,5.22
exterior door and frame,38,709,5.36%,14.2
slik sliding door gear,38,296,12.84%,3.02
white doors,37,7585,0.49%,11.36
wooden doors for sale,37,2382,1.55%,15.43
interior fire doors,37,1745,2.12%,7.83
mdf door linings,37,1150,3.22%,8.91
how to varnish a door,37,980,3.78%,5.96
half glazed door,37,766,4.83%,2.47
outhouse door,37,697,5.31%,8.76
external door with frame,37,636,5.82%,3.85
standard external door frame sizes uk,37,627,5.9%,6.36
internal door locks,36,7608,0.47%,8.54
types of door knobs,36,3226,1.12%,5.69
internal door draught excluder,36,2682,1.34%,9.39
oak veneer internal doors,36,2662,1.35%,12.25
external double doors,36,1891,1.9%,9.44
internal door frame sizes,36,1776,2.03%,6.37
house front door,36,1755,2.05%,13.83
door casing kit,36,1201,3%,12.89
mendes doors,36,1080,3.33%,3.29
types of door handle mechanism,36,939,3.83%,4.17
internal door showroom near me,36,299,12.04%,4
1981 x 726 internal door,36,293,12.29%,1.14
jb kind,35,4155,0.84%,2.4
panel doors,35,4033,0.87%,9.8
internal.doors,35,3900,0.9%,11.49
standard front door size uk,35,2079,1.68%,8.2
fd30 door,35,2010,1.74%,5.72
bifolding internal doors,35,1905,1.84%,8.77
fire door handles,35,1719,2.04%,5.53
exterior doors uk,35,1286,2.72%,6.71
glass fire door,35,1262,2.77%,11.16
internal glazed double doors,35,1246,2.81%,5.58
926mm wide internal doors,35,652,5.37%,7.11
double door frame kit,35,497,7.04%,3.22
cheap front doors,34,2567,1.32%,19.86
6 panel internal doors,34,2371,1.43%,8.52
internal door lining,34,2114,1.61%,4.74
glazed interior doors,34,1906,1.78%,7.19
slimline internal bifold doors,34,1617,2.1%,10
internal timber doors,34,1288,2.64%,8
fully finished white internal doors,34,1170,2.91%,9.46
fully finished internal doors,34,874,3.89%,8.86
fire door and frame sets,34,814,4.18%,3.26
what is lpd door,34,304,11.18%,1.96
door handles types,34,175,19.43%,1.51
how to finish a door,34,147,23.13%,5.68
direct doors,33,8189,0.4%,8.38
cheap doors,33,2842,1.16%,14.75
door handle height uk,33,1492,2.21%,1.01
fire proof doors,33,1468,2.25%,8.56
726mm internal door,33,988,3.34%,3.22
deanta,32,4158,0.77%,4.74
french doors interior,32,2097,1.53%,14.7
cheap interior doors,32,2030,1.58%,16.1
panelled doors,32,1844,1.74%,4.29
external front door,32,1616,1.98%,7.61
light oak internal doors,32,1550,2.06%,4.47
standard door size uk,32,1251,2.56%,5.06
internal door handle packs,32,901,3.55%,5.4
external wood door,32,662,4.83%,3.67
double shed doors,32,473,6.77%,10.78
glazed internal fire door,32,471,6.79%,5.77
cottage glazed door,32,351,9.12%,1.32
door lining sizes,31,4526,0.68%,10.81
shaker door,31,1876,1.65%,4.08
jeld wen interior doors,31,1828,1.7%,9.21
premdoor,31,1716,1.81%,3.08
around door draught excluder,31,1640,1.89%,8.97
doors external,31,1566,1.98%,6.81
outdoor door,31,1130,2.74%,8.96
oak door frame,31,972,3.19%,4.34
uk standard door sizes,31,846,3.66%,4.14
hardwood external doors uk,31,398,7.79%,4.34
standard door frame width uk,31,307,10.1%,3.29
firedoor,30,2242,1.34%,9.37
wood internal doors,30,1981,1.51%,6.81
solid wood interior doors,30,1889,1.59%,11.31
oak shaker doors,30,1699,1.77%,7.85
internal oak door,30,1621,1.85%,7.22
exterior doors for sale,30,1487,2.02%,19.57
internal shaker doors,30,1231,2.44%,4.06
external wooden door frames,30,1140,2.63%,5.82
door shop,30,1124,2.67%,8.94
internal bifold doors uk,30,1102,2.72%,8.84
buy doors online,30,1098,2.73%,23.78
premdor fire doors,30,1068,2.81%,6.35
internal solid wood doors,30,1063,2.82%,7.45
wooden external door,30,811,3.7%,4.73
wood external doors,30,773,3.88%,5.94
wooden shed doors for sale,30,684,4.39%,7.13
wooden external doors uk,30,362,8.29%,5
what size door frame do i need,30,105,28.57%,3.54
door knob types,29,3908,0.74%,2.01
door company,29,1827,1.59%,9.78
solid wood exterior doors,29,1818,1.6%,14.28
white glass internal doors,29,1753,1.65%,8.71
internal fire doors uk,29,876,3.31%,4.17
soundproof internal door,29,819,3.54%,5.68
external door locks,29,789,3.68%,5.96
types of door handles and locks,29,754,3.85%,5.08
front door wood,29,744,3.9%,9.49
door draught excluder,28,7494,0.37%,8.83
wooden interior doors,28,1995,1.4%,7.37
hardwood door frame,28,1972,1.42%,10.54
folding wardrobe doors,28,1856,1.51%,12.87
how to fit a door handle,28,1437,1.95%,6.15
external doors with glass,28,1414,1.98%,16.45
stable door internal,28,1354,2.07%,7.66
internal door suppliers,28,1239,2.26%,6.11
external solid hardwood doors,28,1230,2.28%,5.87
double door frame,28,1193,2.35%,12.15
fire rated internal doors,28,1043,2.68%,5.49
internal glazed bifold doors,28,871,3.21%,4.58
fd30 glazed fire door,28,502,5.58%,5.08
shed door frame kit,28,448,6.25%,4.35
door handle height regulations uk,28,429,6.53%,1.27
softwood external doors,28,299,9.36%,4.82
deanta door suppliers near me,28,251,11.16%,4.24
how to store doors,28,119,23.53%,1.91
garden shed door replacement,28,74,37.84%,2.11
virtuoso doors technical,28,36,77.78%,1.5
door sizes,27,6627,0.41%,12.84
4 panel doors,27,2480,1.09%,10.27
2 panel internal door,27,1582,1.71%,6.35
exterior wood doors,27,1439,1.88%,9.28
standard door opening sizes,27,1267,2.13%,9.22
2040 internal doors,27,949,2.85%,3.49
fire rated door frame,27,772,3.5%,12.75
internal doors sale,27,706,3.82%,5.29
door superstore discount code,27,688,3.92%,5.28
narrow internal french doors,27,609,4.43%,5.3
internal half glazed doors,27,522,5.17%,5.3
fire door sets,27,494,5.47%,5.58
oak folding door,27,493,5.48%,3.94
external hardwood door,27,469,5.76%,4.87
internal cottage doors with glass,27,449,6.01%,1.93
internal door kits,27,414,6.52%,4.24
door supermarket,27,321,8.41%,1.52
door warehouse near me,27,208,12.98%,7.62
glass doors internal,26,3753,0.69%,11.11
internal panel doors,26,2665,0.98%,5.29
solid internal doors,26,2538,1.02%,16.02
internal cupboard doors,26,2462,1.06%,9.51
wood door,26,2381,1.09%,15.41
interior wood doors,26,2098,1.24%,14.67
internal flush doors,26,1855,1.4%,5.17
external door draught excluder,26,1457,1.78%,8.32
concertina folding doors,26,1251,2.08%,7.75
internal door lock types,26,991,2.62%,3.79
solid wood doors internal,26,742,3.5%,7.66
exterior shed doors,26,587,4.43%,8.54
door for small space,26,493,5.27%,4.07
external shed door,26,340,7.65%,1.35
internal concertina doors uk,26,276,9.42%,3.01
shed doors made to measure,26,188,13.83%,2.07
shed door and frame kit,26,92,28.26%,1.3
house doors,25,3162,0.79%,10.02
door liner,25,2794,0.89%,8.36
internal door handles uk,25,2684,0.93%,10.82
glass panel interior door,25,2524,0.99%,18.89
new internal doors,25,1890,1.32%,4.88
doors for sale,25,1887,1.32%,18.77
types of locks for doors,25,1820,1.37%,8.34
solid wood external doors,25,1705,1.47%,9.78
different types of doors,25,1620,1.54%,7.15
painting door frames,25,1599,1.56%,9.09
victorian style doors,25,1379,1.81%,4.92
fd30 fire doors,25,1311,1.91%,4.41
exterior front doors,25,1297,1.93%,9.77
1930s style internal doors,25,1098,2.28%,4.27
solid wooden front doors,25,889,2.81%,3.93
28 inch internal doors,25,879,2.84%,6.53
pre finished white internal doors,25,697,3.59%,11.8
door handle pack,25,538,4.65%,4.45
wooden stable doors near me,25,480,5.21%,6.2
external oak door,25,479,5.22%,4.65
buy external door,25,398,6.28%,6.15
bifold door internal,25,362,6.91%,6.85
4 panel shaker internal doors white,25,342,7.31%,5.91
4 panel doors interior,25,335,7.46%,4.21
replace shed door,25,193,12.95%,4.4
double doors,24,4043,0.59%,14.38
rain deflector,24,3124,0.77%,19.41
door width uk,24,3092,0.78%,4.4
buy internal doors,24,2417,0.99%,9.77
internal doors white,24,2259,1.06%,8.94
buy front door,24,1949,1.23%,22.21
direct doors uk,24,1928,1.24%,4.61
type of doors,24,1672,1.44%,6.12
jbkind doors,24,1618,1.48%,2.85
glazed internal door,24,1596,1.5%,8.7
moulded doors,24,1477,1.62%,12.11
how to adjust door hinges,24,1461,1.64%,8.99
how to paint door frames,24,1308,1.83%,8.97
bifold interior doors,24,1196,2.01%,12.16
interior doors with frosted glass inserts,24,836,2.87%,8.89
cottage door with glass,24,802,2.99%,3.83
front doors and frames,24,687,3.49%,4.57
wood around door frame called,24,651,3.69%,1.3
cheap internal bifold doors,24,587,4.09%,3.29
deanta ely,24,567,4.23%,6.47
frame ledge and brace door,24,550,4.36%,4.31
white half glazed internal doors,24,402,5.97%,1.74
oak door frames internal,24,387,6.2%,2.67
how do fire doors work,24,295,8.14%,2.47
framed ledge and brace door,24,210,11.43%,4.15
airing cupboard doors uk,24,192,12.5%,1.38
door jorm,24,131,18.32%,2.03
external doors with frame,24,123,19.51%,1.41
the door superstore,24,42,57.14%,1
glazed doors,23,4417,0.52%,10.81
door handle height,23,3897,0.59%,7.99
glass interior doors,23,3231,0.71%,16.93
door rain deflector,23,2888,0.8%,9.71
door frame width,23,2082,1.1%,3.34
oak internal door,23,1989,1.16%,7.73
doors with glass panels,23,1959,1.17%,12.88
internal doors with frosted glass panels,23,1639,1.4%,8.15
flush doors,23,1572,1.46%,10.47
door companies,23,1331,1.73%,8.27
solid front door,23,1059,2.17%,18.61
glazed fire doors internal,23,1048,2.19%,6.48
cheap internal double doors,23,969,2.37%,9.06
frontdoors,23,956,2.41%,7.78
1930 internal doors,23,716,3.21%,7.86
36 inch wide internal doors,23,673,3.42%,4.57
metric door sizes uk,23,571,4.03%,6
standard internal door frame sizes uk,23,480,4.79%,4.36
hardwood back door,23,405,5.68%,4.9
space saver doors,23,350,6.57%,1.01
how to measure internal doors,23,310,7.42%,4.11
900mm wide internal doors,23,243,9.47%,4.64
pre hung external door and frame sets,23,237,9.7%,7.62
french doors for shed,23,225,10.22%,9.09
soundproof doors internal,23,184,12.5%,3.57
types of door handles names,23,135,17.04%,1.92
replacement shed door,23,116,19.83%,3.35
door locks,22,7399,0.3%,17.69
door draft excluder,22,4067,0.54%,11.48
timber door,22,2871,0.77%,10.63
sapele doors,22,2367,0.93%,6.55
door architrave,22,2316,0.95%,35.61
panelled door,22,1617,1.36%,4.72
hardwood exterior door,22,1456,1.51%,7.55
fire door blanks,22,1336,1.65%,8.64
fromt doors,22,1297,1.7%,12.43
internal folding door,22,1187,1.85%,7.33
white doors with glass,22,1169,1.88%,7.36
bifold cupboard doors,22,1107,1.99%,7.56
folding doors uk,22,1075,2.05%,6.9
wood interior doors,22,931,2.36%,8.8
oak doors external,22,868,2.53%,4.93
wood exterior doors,22,788,2.79%,14.71
door showroom,22,665,3.31%,3.65
external door frames for sale,22,582,3.78%,7.17
external sliding door track,22,564,3.9%,11.07
internal glazed french doors,22,529,4.16%,5.13
ready to hang internal doors,22,522,4.21%,8.12
external door catch,22,468,4.7%,2.62
hardwood front door and frame,22,351,6.27%,5.64
internal door companies near me,22,332,6.63%,5.97
shed door kit,22,297,7.41%,5.29
types of handles for doors,22,122,18.03%,1.55
new shed door,22,94,23.4%,1.89
door superstore plymouth,22,33,66.67%,1
doors near me,21,4756,0.44%,53.14
interior oak doors,21,1891,1.11%,9.28
solid oak doors internal,21,1702,1.23%,10.14
large internal doors,21,1639,1.28%,7.29
door facings,21,1552,1.35%,6.53
aco threshold drain,21,1402,1.5%,10.7
door frames for sale,21,1081,1.94%,11.51
fd30 internal doors,21,872,2.41%,3.84
600mm internal door,21,795,2.64%,4.55
how to fit door handles,21,784,2.68%,5.91
xl joinery external doors,21,710,2.96%,5.32
28 inch door,21,709,2.96%,15
internal 4 panel doors,21,692,3.03%,5.2
external doors near me,21,666,3.15%,9.32
bifold internal door,21,626,3.35%,7.61
outside shed doors,21,543,3.87%,5.86
space saving door ideas,21,457,4.6%,1
external.doors,21,423,4.96%,8.21
front door with frame,21,414,5.07%,6.12
1930's internal doors,21,355,5.92%,2.66
wooden bifold doors internal,21,300,7%,6.83
door showrooms near me,21,275,7.64%,6.77
external door set,21,270,7.78%,3.31
internal fire door with glass,21,251,8.37%,5.26
shed doors uk,21,217,9.68%,1
external hardwood door frame kit,21,200,10.5%,4.64
trimmable internal doors,21,193,10.88%,5.2
deanta ely oak door,21,186,11.29%,4.74
internal doors cottage style,21,161,13.04%,4.29
fire rated door handle,21,98,21.43%,3.64
glass doors,20,4922,0.41%,21.37
oak veneer doors,20,1935,1.03%,18.35
fromt door,20,1610,1.24%,11.55
external doors online,20,1514,1.32%,8.78
4 panel fire door,20,1449,1.38%,8.04
wood doors interior,20,1411,1.42%,8.6
imperial door sizes,20,1268,1.58%,5.65
internal stable door,20,1159,1.73%,8.13
solid wood front doors uk,20,1115,1.79%,6.38
internal french doors white,20,1037,1.93%,6.4
pattern 10 door,20,1010,1.98%,8.07
fire door with glass panel,20,857,2.33%,6.25
internal sliding barn doors,20,797,2.51%,5.81
victorian 4 panel door,20,774,2.58%,6.55
oak external door,20,683,2.93%,5.26
adjust door hinges,20,637,3.14%,7.69
internal moulded doors,20,622,3.22%,4.13
door external,20,607,3.29%,4.18
exterior wooden door,20,561,3.57%,8.94
external softwood doors,20,545,3.67%,3.54
cottage style door,20,488,4.1%,5.56
hardwood external door,20,470,4.26%,6.83
fully finished white cottage internal doors,20,437,4.58%,8.18
oak 4 panel internal doors,20,407,4.91%,3.11
fire doors and frames,20,402,4.98%,15.53
fire door uk,20,380,5.26%,2.85
oak door frame kit,20,367,5.45%,3.77
cheap shed doors,20,290,6.9%,5.2
solid oak internal doors finished,20,261,7.66%,7.38
what is the wood around a door called,20,190,10.53%,2.32
best doors for soundproofing,20,136,14.71%,7.67
cheap external doors and frames,20,80,25%,2.92
standard door casing size,20,72,27.78%,3.24
doors plymouth,20,66,30.3%,4.38
best internal doors for sound insulation,20,65,30.77%,3.46
lpd,19,6765,0.28%,8.37
frelan hardware,19,4065,0.47%,7.17
internal oak veneer doors,19,2668,0.71%,13.37
door casing,19,2628,0.72%,15.49
interior double doors,19,2209,0.86%,12.7
white doors internal,19,1913,0.99%,8.47
internal door with glass,19,1902,1%,10.5
white glass door,19,1495,1.27%,7.04
glazed internal fire doors,19,1293,1.47%,6.14
external door frame sizes,19,1110,1.71%,6.82
external cottage doors,19,1105,1.72%,5.04
fully glazed internal doors,19,970,1.96%,4.11
oak fire door,19,926,2.05%,7.7
glass panel internal door,19,831,2.29%,8.05
lpd door,19,821,2.31%,3.68
oak bi fold doors,19,649,2.93%,6.28
internal doors with obscure glass,19,550,3.45%,8.49
white internal bifold doors,19,382,4.97%,5.55
cheapest internal doors online,19,366,5.19%,7.8
timber back door,19,353,5.38%,3.19
composite door frame kit,19,343,5.54%,15.64
glazed shed doors,19,297,6.4%,8.54
door handle type,19,165,11.52%,2.88
lpd mexicano oak door pre-finished,19,162,11.73%,4.39
door frame thickness uk,19,150,12.67%,4.13
premdor stockists,19,129,14.73%,3.58
types of internal door handles,19,79,24.05%,1.23
buy wooden front door,19,76,25%,4.79
sound proof internal doors uk,19,60,31.67%,3.73
scrigno pocket door installation,19,48,39.58%,2.15
how to store doors on site,19,43,44.19%,1.42
standard door size,18,8841,0.2%,17.38
white internal door,18,1900,0.95%,7.78
internal glass panel doors,18,1859,0.97%,8.81
wide front door,18,1842,0.98%,17.6
exterior back doors,18,1699,1.06%,27.68
how to measure a door,18,1686,1.07%,15.41
bifold bathroom door,18,1458,1.23%,15.6
interior door frame,18,1445,1.25%,12.67
extra wide internal doors,18,1393,1.29%,8.41
interior wooden doors,18,1375,1.31%,8.58
half glass internal doors,18,1296,1.39%,2.15
internal oak bifold doors,18,1264,1.42%,7.31
minimum internal door width uk,18,1187,1.52%,10.67
white internal doors uk,18,1141,1.58%,5.36
adjusting door hinges,18,1132,1.59%,8.19
white interior doors with glass,18,1109,1.62%,9.56
internal front doors,18,1069,1.68%,5.72
internal doors with glass panels,18,1066,1.69%,6.16
internal glass fire doors,18,927,1.94%,6.87
outdoor doors,18,895,2.01%,9.81
internal door uk,18,871,2.07%,3.42
folding doors for small spaces,18,803,2.24%,1.57
interior bi fold doors,18,777,2.32%,13.48
door manufacturers near me,18,753,2.39%,7.38
fireproof doors,18,744,2.42%,10.51
door uk,18,738,2.44%,5.96
prem doors,18,732,2.46%,5.8
xl joinery suffolk,18,724,2.49%,5.38
xl joinery oak doors,18,701,2.57%,4.4
external timber door,18,567,3.17%,4.26
deanta doors uk,18,545,3.3%,4.51
interior door frame kit,18,521,3.45%,9.89
different door handles,18,427,4.22%,2.01
half glazed doors,18,426,4.23%,2.01
oak internal bifold doors,18,412,4.37%,6.76
726mm door,18,403,4.47%,3.35
online doors,18,328,5.49%,7.62
solid wood doors external,18,281,6.41%,5.09
timber external door,18,244,7.38%,3.7
internal doors 2040 x 726,18,230,7.83%,4.34
bifold glazed internal doors,18,179,10.06%,2.97
doors online uk discount code,18,169,10.65%,3.25
fire door with frame,18,160,11.25%,2.88
exterior doors and frames,18,154,11.69%,2.22
internal glazed fire door,18,140,12.86%,5.6
wood stable door,18,89,20.22%,5.66
outhouse door and frame,18,86,20.93%,2.31
internal doors plymouth,18,84,21.43%,5.62
external back doors uk,18,83,21.69%,4.39
shed doors near me,18,82,21.95%,9.01
wooden stable doors external,18,74,24.32%,2.69
best way to store doors,18,43,41.86%,1.72
types of locks,17,4011,0.42%,12
indoor doors,17,3546,0.48%,12.93
hardwood internal doors,17,3339,0.51%,9.67
draft excluder door,17,3063,0.56%,10.85
interior folding doors,17,2940,0.58%,13.21
flush door,17,2677,0.64%,17.39
grey interior doors,17,2552,0.67%,10.86
composite front door,17,2405,0.71%,31.63
room divider doors,17,2211,0.77%,35.09
internal oak doors with glass,17,1843,0.92%,10.93
type of door,17,1791,0.95%,5.93
door frame size,17,1745,0.97%,3.33
oak french doors,17,1558,1.09%,15.23
door internal,17,1518,1.12%,7.75
doors direct uk,17,1504,1.13%,9.15
internal doors oak,17,1373,1.24%,8.2
east coast fittings,17,1205,1.41%,9.67
oak double doors,17,1077,1.58%,5.29
folding interior doors,17,1073,1.58%,14.12
bi fold wardrobe doors,17,1064,1.6%,11.64
fire check door,17,955,1.78%,16.68
fire doors with glass panels,17,881,1.93%,8.34
wooden outside door,17,859,1.98%,5.39
heavy duty magnetic door catch,17,805,2.11%,10.89
flush internal doors,17,718,2.37%,6.93
four panel interior door,17,663,2.56%,5.33
glazed internal doors white,17,645,2.64%,5.74
victorian doors internal,17,632,2.69%,4.99
victorian style internal doors,17,626,2.72%,3.26
can you paint fire doors,17,586,2.9%,3.23
1930 doors,17,547,3.11%,6.18
buy internal doors online,17,477,3.56%,6.78
door outside,17,475,3.58%,12.03
standard door handle height uk,17,459,3.7%,1.05
are lpd doors any good,17,454,3.74%,6.92
rising butt hinges,17,452,3.76%,11.9
how to varnish wood doors,17,426,3.99%,5.56
fire check doors,17,369,4.61%,5.66
711mm internal doors,17,340,5%,10.43
suffolk oak veneer door,17,307,5.54%,5.48
external door suppliers near me,17,237,7.17%,6.63
new shed doors,17,224,7.59%,4.39
upvc external door and frame set,17,216,7.87%,10.76
external cottage doors uk,17,206,8.25%,3.83
external door sets,17,202,8.42%,3.52
door sales near me,17,176,9.66%,6.55
door handle names,17,160,10.62%,2.37
external fire doors with glass panels,17,137,12.41%,3.73
exterior hardwood door,17,108,15.74%,5.55
unglazed internal doors,17,81,20.99%,1.98
door super store,17,56,30.36%,1.3
internal bifold doors liverpool,17,42,40.48%,6.6
front door sets uk,17,32,53.12%,2.69
door outlet,17,26,65.38%,5.23
6 panel doors,16,2710,0.59%,14.76
indoor door handles,16,2055,0.78%,14.67
wooden door frame,16,2019,0.79%,19.01
white shaker doors,16,1963,0.82%,17.96
internal double doors with glass,16,1863,0.86%,9.15
cheap internal doors for sale,16,1735,0.92%,12.12
suffolk oak door,16,1559,1.03%,7.32
door with glass panel,16,1436,1.11%,12.4
solid wood door,16,1288,1.24%,14.73
lever on rose door handle,16,1270,1.26%,6.99
how to measure door size,16,1246,1.28%,6.95
door handles for internal doors,16,1152,1.39%,8.72
light oak doors,16,1063,1.51%,5.66
uk internal door sizes,16,887,1.8%,4.8
4 panel internal door,16,842,1.9%,4.21
internal doors online,16,841,1.9%,5.89
pvc concertina doors,16,805,1.99%,10.8
wooden doors for home,16,765,2.09%,12.91
short height internal doors,16,759,2.11%,9.49
internal bi fold door,16,748,2.14%,7.61
cottage doors external,16,729,2.19%,8.97
4 panel oak internal doors,16,714,2.24%,5.15
external hardwood doors uk,16,700,2.29%,3.76
how wide is a door frame uk,16,699,2.29%,3.42
soundproof internal doors,16,668,2.4%,6.19
door store near me,16,654,2.45%,7.53
wooden exterior door,16,564,2.84%,8.26
folding internal door,16,558,2.87%,7.47
wood front doors uk,16,546,2.93%,5.9
shaker bifold doors,16,476,3.36%,17.26
internaldoors,16,464,3.45%,9.71
bi fold internal door,16,444,3.6%,6.35
shaker fire door,16,404,3.96%,4.59
wooden front door and frame,16,397,4.03%,4.49
buy door frame,16,382,4.19%,6.2
cheap front doors uk,16,369,4.34%,10.29
shed doors for sale near me,16,330,4.85%,9.85
solid wood doors interior,16,301,5.32%,7.73
hardwood stable doors,16,286,5.59%,3.91
external stable doors with glass,16,282,5.67%,8.13
wood back door,16,223,7.17%,3.91
internal cottage door,16,220,7.27%,5.07
glazed internal french doors,16,218,7.34%,4.11
fire rated door locks,16,186,8.6%,3.87
fire door sets uk,16,184,8.7%,5.82
white bifold internal doors,16,156,10.26%,3.24
oak bifold doors internal,16,155,10.32%,5.3
space saving doors for small spaces,16,152,10.53%,2.91
glazed internal bifold doors,16,145,11.03%,6.54
space saving sliding doors,16,137,11.68%,1.06
stable door uk,16,137,11.68%,6.88
large internal letterbox draught excluder,16,135,11.85%,9.33
what is an lpd door,16,127,12.6%,1.83
wood front doors for sale,16,122,13.11%,9.34
wooden exterior doors with glass,16,103,15.53%,4.66
wood shed doors,16,101,15.84%,7.74
door and frame external,16,97,16.49%,3.73
internal oak door and frame sets,16,94,17.02%,1.89
made to measure shed doors near me,16,91,17.58%,2.85
stable door and frame set,16,71,22.54%,6.41
686mm external door,16,65,24.62%,5.77
aco as350,16,62,25.81%,4.53
726 x 1981 internal doors,16,49,32.65%,1.29
35mm oak fire doors,16,46,34.78%,5.24
fire doors with frames,16,43,37.21%,1.33
1960mm internal doors,16,42,38.1%,1.62
best internal doors for soundproofing,16,35,45.71%,3
external french door frame kit,16,32,50%,1.12
how to store a door,16,30,53.33%,1.53
composite doors,15,12645,0.12%,68.21
door latch types,15,5697,0.26%,5.19
glass panel door,15,2987,0.5%,13.32
composite door,15,2869,0.52%,30.87
doors and more,15,2481,0.6%,9.03
small internal doors,15,2416,0.62%,10.53
front door frame,15,1643,0.91%,20.92
xljoinery,15,1447,1.04%,2.29
solid interior doors,15,1318,1.14%,10.59
stable front door,15,1277,1.17%,7.35
part glazed internal doors,15,1218,1.23%,4.44
oak front door and frame,15,1161,1.29%,11.86
frosted glass internal door,15,1156,1.3%,8.69
interior door handles uk,15,1145,1.31%,11.26
oak cottage internal doors,15,1141,1.31%,5.55
house front doors,15,1132,1.33%,24.85
stable doors uk,15,1110,1.35%,8.24
2 panel doors,15,1072,1.4%,10.55
internal french doors uk,15,1025,1.46%,6.84
soundproof interior door,15,1011,1.48%,29.91
solid external doors,15,980,1.53%,6.78
cheap fire doors with glass,15,979,1.53%,6.01
fitting door handles,15,850,1.76%,6.01
internal glass double doors,15,788,1.9%,7.68
paneled doors,15,765,1.96%,6.15
5 panel internal doors,15,734,2.04%,5.94
white cottage internal doors,15,707,2.12%,7.3
external front doors uk,15,638,2.35%,6.63
external wooden front doors,15,614,2.44%,3.07
900mm internal door,15,532,2.82%,1.61
internal victorian doors,15,524,2.86%,4.69
obscure glazed internal doors,15,522,2.87%,6.14
726 door,15,519,2.89%,2.85
solid wooden internal doors,15,510,2.94%,6.51
flush internal door,15,492,3.05%,7.16
ss312 diamond approved standard cylinder,15,483,3.11%,6.05
imperial door sizes uk,15,455,3.3%,5.66
bedroom doors uk,15,343,4.37%,4.04
exterior wood door,15,280,5.36%,6.99
external garage side door and frame,15,273,5.49%,4.59
space saver door,15,248,6.05%,1.04
cottage external door,15,232,6.47%,4.99
half glass doors,15,230,6.52%,3.84
shaker doors internal,15,223,6.73%,4.83
best door for soundproofing,15,176,8.52%,5.56
711mm wide internal door,15,170,8.82%,6.46
world of doors,15,157,9.55%,6.98
framed ledged and braced external door,15,134,11.19%,3.84
jeld-wen slim line black 4 panel clear glazed interior door,15,125,12%,5.22
cheap wooden front doors,15,124,12.1%,5.46
how to measure for a new door,15,124,12.1%,6.85
type of door handle,15,96,15.62%,1.22
900mm external door,15,67,22.39%,1.69
stable door external wood,15,53,28.3%,1.74
front door and frame set,15,53,28.3%,3
space saving cupboard doors,15,46,32.61%,1.04
parts of a door uk,15,34,44.12%,1
how to store internal doors,15,34,44.12%,3.09
bespoke shed doors,15,27,55.56%,2.81
doorsuperstore.co.uk,15,24,62.5%,1
glazed door,14,6673,0.21%,8.98
draught excluder,14,4125,0.34%,33.21
white panel doors,14,2704,0.52%,8.12
standard internal door width uk,14,1927,0.73%,7.25
door type,14,1794,0.78%,4.39
external door lock,14,1774,0.79%,9.46
xl joinery internal doors,14,1406,1%,4.6
internal glass door,14,1396,1%,10.32
white internal fire doors,14,1242,1.13%,7.34
door frame thickness,14,1197,1.17%,2.01
cheap white internal doors,14,1194,1.17%,10.97
frosted glass internal doors,14,1163,1.2%,9.35
finished internal doors,14,1163,1.2%,11.97
fire door lock,14,1133,1.24%,7.74
wooden internal doors with glass,14,1114,1.26%,5.46
door surround draught excluder,14,1111,1.26%,5.48
fire door frames,14,1056,1.33%,8.33
door frame draught excluder,14,1052,1.33%,6.11
internal double door frame,14,1052,1.33%,7.57
solid oak door,14,962,1.46%,9.91
deanta oak doors,14,953,1.47%,6.57
internal oak french doors,14,915,1.53%,6.2
internal glass doors white,14,883,1.59%,7.17
folding door internal,14,799,1.75%,7.92
external garage side door,14,725,1.93%,10.51
oak interior doors uk,14,681,2.06%,7.41
doors to go,14,601,2.33%,9.94
panelled fire doors,14,552,2.54%,2.16
internal grey doors,14,549,2.55%,11.37
double glazed internal doors,14,519,2.7%,4.69
fire door furniture,14,465,3.01%,6.11
extra wide front door uk,14,448,3.12%,9.07
prehung exterior door,14,432,3.24%,8.16
external door lining,14,414,3.38%,4.84
exterior front door,14,392,3.57%,10.35
bifolding doors internal,14,349,4.01%,8.59
exterior wooden doors for sale,14,294,4.76%,6.81
wooden door external,14,276,5.07%,3.79
white louvre doors,14,264,5.3%,14.86
oak bifold door,14,253,5.53%,5.13
internal bifold door sizes uk,14,216,6.48%,7.57
internal doors showroom near me,14,210,6.67%,5.16
what are lpd doors made of,14,187,7.49%,4.61
40mm thick internal doors,14,178,7.87%,7.18
fire door handles and locks,14,172,8.14%,3.89
internal half glass doors,14,145,9.66%,3.47
white bifold doors internal,14,145,9.66%,5.22
internal wood door,14,142,9.86%,2.78
external hardwood door and frame sets,14,137,10.22%,3.53
external shed doors for sale,14,129,10.85%,4.37
2ft3 door in mm,14,123,11.38%,2.83
bi-fold doors internal,14,111,12.61%,6.93
fire rated night latch,14,91,15.38%,8.38
wooden fromt door,14,83,16.87%,6.3
best price internal doors,14,78,17.95%,3.62
premdor price list,14,75,18.67%,3.68
internal doors half glass,14,71,19.72%,2.52
bi fold oak internal doors,14,65,21.54%,4.46
726 internal door,14,59,23.73%,3.05
internal single bifold doors,14,51,27.45%,2.76
half glazed cottage door,14,46,30.43%,1.04
space saving interior doors,14,42,33.33%,1.71
internal bifold doors 1200mm,14,38,36.84%,3.55
doors for outbuildings,14,26,53.85%,2
architrave meaning,13,7748,0.17%,9.19
white door,13,4436,0.29%,10.63