doc_text,class
hilfiger wallet,Accessories
Wallet,Accessories
baby boy accessories,Accessories
tie,Accessories
silk scarves,Accessories
leather gloves,Accessories
gloves men,Accessories
sunglasses,Accessories
cashmere scarf,Accessories
ladies wallet,Accessories
mens cufflinks,Accessories
tommy hilfiger wallets,Accessories
belt,Accessories
tommy hilfiger sunglasses,Accessories
belt for men,Accessories
men's belts,Accessories
shawls,Accessories
tommy hilfiger scarf,Accessories
scarf,Accessories
Accessories for men,Accessories
Winter hats,Accessories
scarf for women,Accessories
Tommy Hilfiger wallet,Accessories
accessories for girls,Accessories
Tommy Hilfiger scarf woman,Accessories
men's wallet,Accessories
Tommy Hilfiger leather gloves,Accessories
tommy hilfiger ties,Accessories
purse men,Accessories
ladies sunglasses,Accessories
men belt,Accessories
children accessories,Accessories
hilfiger cap,Accessories
men wallet,Accessories
tommy caps,Accessories
scarf men,Accessories
Tommy Hilfiger wallet woman,Accessories
knee socks,Accessories
men beanie,Accessories
tommy hilfiger purse,Accessories
belts for women,Accessories
Hats,Accessories
gloves for men,Accessories
credit card holder,Accessories
ladies Accessories,Accessories
tommy hilfiger belts,Accessories
makeup kit,Accessories
girls accessories,Accessories
sunglasses men,Accessories
gloves for women,Accessories
hilfiger sunglasses,Accessories
women keychains,Accessories
gloves man Tommy Hilfiger,Accessories
leather wallet,Accessories
hilfiger scarf,Accessories
caps,Accessories
baby accessories,Accessories
wallet men,Accessories
baby girl accessories,Accessories
ladies scarf,Accessories
men's sunglasses,Accessories
women's purses,Accessories
purses men,Accessories
wallets,Accessories
gloves,Accessories
ladies gloves,Accessories
hilfiger caps,Accessories
keychain,Accessories
sunglasses for men,Accessories
keychains,Accessories
men's hats,Accessories
designer wallet,Accessories
red tie,Accessories
tommy hilfiger wallets man,Accessories
scarf for men,Accessories
scarves,Accessories
hilfiger purse,Accessories
sunglasses for ladies,Accessories
men hilfiger wallet,Accessories
man purse,Accessories
bow tie,Accessories
keychains for men,Accessories
men's accessories,Accessories
belt men,Accessories
beanie for women,Accessories
Man scarf Tommy Hilfiger,Accessories
girl accessories,Accessories
Women's leather gloves,Accessories
hat men,Accessories
hat woman,Accessories
hilfiger ladies gloves,Accessories
tie pocket square,Accessories
Driving gloves,Accessories
women's gloves,Accessories
ties man,Accessories
tommy hilfiger belt man,Accessories
Belt man Tommy Hilfiger,Accessories
Round sunglasses woman sunglasses,Accessories
sunglasses women,Accessories
hut,Accessories
winter hats for women,Accessories
small wallets for women,Accessories
Damen hosengürtel,Accessories
wide damesriem,Accessories
tommy hilfiger hut,Accessories
tommy bonnet,Accessories
hilfiger sunglasses woman sunglasses,Accessories
leather wallet Ladies,Accessories
leather wallets for women,Accessories
Tommy Hilfiger towel,Accessories
mens belts,Accessories
purse women,Accessories
accessories for baby girls,Accessories
tommyhilfiger hat,Accessories
womens bags and accessories,Accessories
Tommy Hilfiger wallet man,Accessories
mirrored sunglasses womens,Accessories
cravate Tommy Hilfiger,Accessories
Tommy Hilfiger wallet Ladies,Accessories
tommy hilfiger boys accessories,Accessories
gloves womens,Accessories
tommy sunglasses,Accessories
tommyhilfiger boys accessories,Accessories
leather gloves men,Accessories
tommy hilfiger women keychains,Accessories
leather belts women,Accessories
men mittens,Accessories
mens wallets uk,Accessories
Men's scarves,Accessories
tommyhilfiger hat ladies,Accessories
black scarf womens,Accessories
tommy hilfiger mens gloves,Accessories
while card holder,Accessories
hat tommy hilfiger,Accessories
womens hat,Accessories
ladies wallet purse,Accessories
card wallet ladies,Accessories
scarf and hat,Accessories
mens designer sunglasses,Accessories
Scarf tommy hilfiger man,Accessories
armstulpen,Accessories
beach towel tommy hilfiger,Accessories
tommy hilfiger aviator sunglasses,Accessories
mitten,Accessories
regenmuts,Accessories
accessories for boys,Accessories
heed,Accessories
ladies baseball caps,Accessories
caps for men,Accessories
scarf and hat man,Accessories
scarf and gloves woman,Accessories
while card holder wallet,Accessories
tommyhilfiger gloves,Accessories
scarves for men,Accessories
mens black belt,Accessories
black ladies belt,Accessories
mens cashmere scarf,Accessories
hilfiger cape,Accessories
beanie,Accessories
mens wool scarf,Accessories
tommy hilfiger leather wallet,Accessories
while travel wallet,Accessories
tommy hilfiger caps,Accessories
small wallets for men,Accessories
women's belts for jeans,Accessories
baseball caps for women,Accessories
satchel womens,Accessories
tommyhilfiger scarves,Accessories
women's leather belts,Accessories
tommyhilfiger keyring,Accessories
men scarfs,Accessories
beanies for men,Accessories
duvet women tommy hilfiger,Accessories
black cap Hilfiger,Accessories
kids accessories,Accessories
gloves ladies,Accessories
brown belt,Accessories
hilfiger tie,Accessories
gold key,Accessories
winter gloves,Accessories
wool scarf,Accessories
Baseball hats,Accessories
Man hats online,Accessories
tommy hilfiger snood,Accessories
Basque,Accessories
Women's leather key ring,Accessories
Tommy Hilfiger cravate,Accessories
ladies leather purse,Accessories
Men keychain,Accessories
men sunglasses,Accessories
Women Accessories,Accessories
Man gloves and scarf,Accessories
stropdos,Accessories
ladies leather wallets,Accessories
hilfiger leather bracelet,Accessories
boys accessories,Accessories
tommy Basque,Accessories
Man luxury accessories,Accessories
mens scarf and glove set,Accessories
ladies hat scarf and gloves set,Accessories
key men,Accessories
gloves without fingers man,Accessories
hilfiger ladies sunglasses,Accessories
leather belt,Accessories
blue tie,Accessories
tommy hilfiger suitcases,Accessories
mens leather card holder,Accessories
belt buckles for men,Accessories
accessories girl,Accessories
Man pocket handkerchief,Accessories
mittens,Accessories
Hilfiger hat man,Accessories
tommy hilfiger ladies scarves,Accessories
white pocket square,Accessories
grill caps,Accessories
square sunglasses mens,Accessories
black sunglasses ladies,Accessories
mens hat gloves scarf,Accessories
ladies shawls and wraps,Accessories
silver keychain,Accessories
mittens men,Accessories
ladies purse,Accessories
while tan belt,Accessories
warm scarf,Accessories
black belt,Accessories
wallets for women,Accessories
Tommy Hilfiger cap,Accessories
Tommy Hilfiger women glove,Accessories
Man dress handkerchief,Accessories
black scarf,Accessories
mens sunglasses,Accessories
hilfiger wallet women,Accessories
bobble hat womens,Accessories
hilfiger baseball cap,Accessories
cashmere scarves,Accessories
womens winter hats,Accessories
towels,Accessories
hilfiger hat,Accessories
womens purses,Accessories
fillet,Accessories
mens belt,Accessories
hilfiger ladies wallet,Accessories
beanie hats for women,Accessories
womens shawls,Accessories
tommy hilfiger bonnet,Accessories
tommy hilfiger men scarves,Accessories
leather belts,Accessories
tommy hilfiger womens accessories,Accessories
hilfiger beanie women,Accessories
scarf for woman,Accessories
cashmere scarf womens,Accessories
womens brown belt,Accessories
womens wraps,Accessories
tommy hilfiger mens belts,Accessories
Wool Hats,Accessories
tommy hilfiger belt mens,Accessories
pochet,Accessories
accessories baby boy,Accessories
beanie for men,Accessories
window man Tommy Hilfiger sun,Accessories
mens ties,Accessories
polar bear hats,Accessories
tommy hilfiger armband,Accessories
leather gloves ladies,Accessories
Tommy Hilfiger accessories baby boy,Accessories
tommyhilfiger key,Accessories
tommy head,Accessories
Snow gloves women,Accessories
designer belts for men,Accessories
ladies summer hats,Accessories
designer purses,Accessories
silk pocket squares,Accessories
hilfiger ties,Accessories
ladies belts,Accessories
duvets man outsize,Accessories
ladies belts for jeans,Accessories
woolen gloves,Accessories
tommy hilfiger purses,Accessories
Women scarves,Accessories
Women's leather belt,Accessories
mens caps,Accessories
Sun glasses for men,Accessories
pocket handkerchief,Accessories
ties,Accessories
Man Sunglasses,Accessories
leather belts for men,Accessories
tommy hilfiger sunglasses man,Accessories
Tommy Hilfiger belt,Accessories
Scarf man tommy hilfiger,Accessories
wallets for men,Accessories
tommy hilfiger backpack womens,Accessories
mens black leather belt,Accessories
womens gold belt,Accessories
thin gloves,Accessories
knitted scarves,Accessories
hilfiger beanie,Accessories
tommy hilfiger men's belts,Accessories
accessories for baby boys,Accessories
card holder womens,Accessories
